DROP TABLE IF EXISTS `paises`;
CREATE TABLE `paises` (
  `id` int NOT NULL AUTO_INCREMENT,
  `nome` varchar(255) NOT NULL,
  `bandeira` varchar(255) NOT NULL,
  PRIMARY KEY (`id`)
) ENGINE=InnoDB DEFAULT CHARSET=utf8mb4 COLLATE=utf8mb4_0900_ai_ci;

INSERT INTO `paises` VALUES (1,'Japão','japao.jpg'),(2,'Grécia','grecia.jpg'),(3,'Roma','roma.jpg'),(4,'Brasil','brasil.png'),(5,'Japãoo','japao.jpg'),(6,'Gréciaa','grecia.jpg'),(7,'Romaa','roma.jpg'),(8,'Brasill','brasil.png');

DROP TABLE IF EXISTS `feeds`;
CREATE TABLE `feeds` (
  `id` int NOT NULL AUTO_INCREMENT,
  `data` datetime NOT NULL,
  `historia` int DEFAULT NULL,
  PRIMARY KEY (`id`),
  KEY `fk_feeds_historias_idx` (`historia`),
  CONSTRAINT `fk_feeds_historias` FOREIGN KEY (`historia`) REFERENCES `historias` (`id`)
) ENGINE=InnoDB AUTO_INCREMENT=8 DEFAULT CHARSET=utf8mb4 COLLATE=utf8mb4_0900_ai_ci;

LOCK TABLES `feeds` WRITE;
INSERT INTO `feeds` VALUES (1,'2025-02-06 14:12:53',1),(2,'2025-02-06 14:12:53',2),(3,'2025-02-06 14:12:53',3),(4,'2025-02-06 14:12:53',4),(5,'2025-02-06 14:12:53',5),(6,'2025-02-06 14:12:53',6),(7,'2025-02-06 14:12:53',7),(8,'2025-02-06 14:12:53',8),(9,'2025-02-06 14:12:53',9),(10,'2025-02-06 14:12:53',10),(11,'2025-02-06 14:12:53',11),(12,'2025-02-06 14:12:53',12),(13,'2025-02-06 14:12:53',13),(14,'2025-02-06 14:12:53',14),(15,'2025-02-06 14:12:53',15),(16,'2025-02-06 14:12:53',16),(17,'2025-02-06 14:12:53',17),(18,'2025-02-06 14:12:53',18),(19,'2025-02-06 14:12:53',19),(20,'2025-02-06 14:12:53',20),(21,'2025-02-06 14:12:53',21),(22,'2025-02-06 14:12:53',22),(23,'2025-02-06 14:12:53',23),(24,'2025-02-06 14:12:53',24),(25,'2025-02-06 14:12:53',25),(26,'2025-02-06 14:12:53',26),(27,'2025-02-06 14:12:53',27),(28,'2025-02-06 14:12:53',28),(29,'2025-02-06 14:12:53',29),(30,'2025-02-06 14:12:53',30),(31,'2025-02-06 14:12:53',31),(32,'2025-02-06 14:12:53',32);
UNLOCK TABLES;

DROP TABLE IF EXISTS `likes`;

CREATE TABLE `likes` (
  `id` int NOT NULL AUTO_INCREMENT,
  `feed` int NOT NULL,
  `email` varchar(255) NOT NULL,
  PRIMARY KEY (`id`),
  KEY `fk_likes_feeds_idx` (`feed`),
  CONSTRAINT `fk_likes_feeds` FOREIGN KEY (`feed`) REFERENCES `feeds` (`id`)
) ENGINE=InnoDB AUTO_INCREMENT=9 DEFAULT CHARSET=utf8mb4 COLLATE=utf8mb4_0900_ai_ci;

LOCK TABLES `likes` WRITE;
INSERT INTO `likes` VALUES (1,1,'luca.alvesneto2@gmail.com');
UNLOCK TABLES;

DROP TABLE IF EXISTS `historias`;

CREATE TABLE `historias` (
  `id` int NOT NULL AUTO_INCREMENT,
  `titulo` varchar(255) NOT NULL,
  `descricao` varchar(510) NOT NULL,
  `imagem` varchar(255) NOT NULL,
  `detalhada` TEXT NOT NULL,
  `pais` int NOT NULL,
  PRIMARY KEY (`id`),
  KEY `fk_historias_paises_idx` (`pais`),
  CONSTRAINT `fk_historias_paises` FOREIGN KEY (`pais`) REFERENCES `paises` (`id`)
) ENGINE=InnoDB DEFAULT CHARSET=utf8mb4 COLLATE=utf8mb4_0900_ai_ci;

LOCK TABLES `historias` WRITE;
INSERT INTO `historias` VALUES 
(1, 'Amaterasu, a Deusa do Sol', 'Amaterasu é uma das principais divindades do xintoísmo, conhecida como a deusa do Sol.', 'amaterasu.png', '["Amaterasu nasceu do olho esquerdo de Izanagi durante um ritual de purificação, simbolizando a luz que guia e sustenta o mundo.", "Após uma discussão acalorada com seu irmão Susanoo, que causou caos e destruição, Amaterasu se escondeu em uma caverna celestial, mergulhando o mundo em trevas.", "Os deuses, preocupados com a ausência da luz, organizaram uma festa do lado de fora da caverna. Eles colocaram um espelho brilhante e incentivaram uma deusa a realizar uma dança extravagante, que chamou a atenção de Amaterasu.", "Curiosa, Amaterasu saiu para observar a dança, e sua imagem foi refletida no espelho. Nesse momento, os deuses fecharam a caverna, trazendo de volta a luz do Sol ao mundo. Essa história simboliza a importância da harmonia e da luz na vida humana."]', 1),
(2, 'Susanoo e a Serpente Yamata-no-Orochi', 'A história de Susanoo e sua vitória contra a serpente de oito cabeças, Yamata-no-Orochi.', 'susanoo.jpg', '["Susanoo, expulso do céu após um conflito com Amaterasu, encontrou uma família devastada pela serpente Yamata-no-Orochi, que exigia o sacrifício anual de uma jovem.", "Com pena da família, ele prometeu derrotar a serpente em troca da mão da filha mais jovem em casamento.", "Susanoo preparou oito barris de saquê e os colocou ao redor de uma aldeia. Quando a serpente bebeu o saquê e caiu em um sono profundo, Susanoo aproveitou para decapitá-la, uma cabeça de cada vez.", "Dentro do corpo da serpente, ele encontrou a lendária espada Kusanagi, que mais tarde se tornou um dos Três Tesouros Sagrados do Japão. Este conto representa a vitória da coragem sobre o caos."]', 1),
(3, 'Izanagi e Izanami, os Criadores do Japão', 'Os deuses Izanagi e Izanami criaram as ilhas do Japão e deram origem a várias divindades.', 'izanagi.jpg', '["Izanagi e Izanami foram incumbidos de criar o mundo. Usando uma lança celestial, eles mexeram nas águas primordiais, criando a primeira ilha, Onogoro.", "Eles se casaram e começaram a dar vida às ilhas do Japão e aos deuses. No entanto, durante o nascimento do deus do fogo, Kagutsuchi, Izanami foi gravemente ferida e faleceu, descendo ao submundo.", "Inconsolável, Izanagi tentou resgatá-la, mas foi repelido pelos horrores do submundo, quebrando sua conexão para sempre.", "Após escapar, Izanagi realizou um ritual de purificação, de onde surgiram Amaterasu, Tsukuyomi e Susanoo. Esse mito explica tanto a origem divina das ilhas quanto os ciclos de vida e morte."]', 1),
(4, 'Tsukuyomi, o Deus da Lua', 'Tsukuyomi é o deus da Lua e irmão de Amaterasu, associado à noite.', 'tsukuyomi.png', '["Tsukuyomi nasceu durante o ritual de purificação de Izanagi, simbolizando a calma e a serenidade da noite.", "Certo dia, ele foi enviado para representar os deuses em um banquete oferecido pela deusa Ukemochi, da fartura. Indignado com a forma como ela produziu os alimentos, Tsukuyomi a matou.", "Amaterasu, enojada com o ato de seu irmão, jurou nunca mais olhar para ele, criando a separação eterna entre o dia e a noite.", "Essa história simboliza o equilíbrio entre luz e escuridão e a necessidade de respeitar as dádivas da natureza."]', 1),
(5, 'A Caixa de Pandora', 'Pandora abriu uma caixa que trouxe todos os males ao mundo, mas também deixou a esperança.', 'pandora.jpg', '["Pandora foi criada por Hefesto sob as ordens de Zeus, com a ajuda de outros deuses, que lhe deram beleza, inteligência e curiosidade.", "Zeus a enviou como um presente aos mortais, carregando uma caixa misteriosa que ela foi instruída a nunca abrir.", "Movida pela curiosidade, Pandora abriu a caixa, liberando doenças, sofrimento e outros males que rapidamente se espalharam pelo mundo.", "No entanto, no fundo da caixa restava a esperança, simbolizando a capacidade humana de resistir e superar adversidades, mesmo em tempos difíceis."]', 2),
(6, 'O Labirinto de Dédalo e o Minotauro', 'Teseu enfrentou o Minotauro no labirinto criado por Dédalo.', 'labirinto.jpg', '["O Minotauro, uma criatura metade homem e metade touro, nasceu como um castigo divino para Minos, rei de Creta.", "Dédalo, o maior inventor da época, foi encarregado de construir um labirinto para aprisionar o monstro.", "Teseu, com a ajuda de Ariadne, usou um fio mágico para navegar pelo labirinto, localizando e derrotando o Minotauro.", "A vitória de Teseu representa a superação da barbárie pela civilização e a vitória da astúcia sobre a força bruta."]', 2),
(7, 'Prometeu e o Fogo dos Deuses', 'Prometeu roubou o fogo dos deuses para dá-lo à humanidade, desafiando Zeus.', 'prometeu.jpeg', '["Prometeu, um titã astuto, sentia compaixão pelos humanos, que viviam na escuridão e no frio.", "Ele escalou o Olimpo e roubou o fogo sagrado, entregando-o aos mortais, proporcionando progresso e inovação.", "Como punição, Zeus acorrentou Prometeu a uma montanha, onde uma águia devorava seu fígado diariamente, que se regenerava à noite.", "Este mito exalta o sacrifício pela humanidade e o poder transformador do conhecimento e da tecnologia."]', 2),
(8, 'A Guerra de Troia', 'Uma guerra lendária entre gregos e troianos, iniciada pelo rapto de Helena.', 'troia.png', '["A guerra começou com uma disputa entre as deusas Hera, Atena e Afrodite, que levou Páris a escolher Afrodite como a mais bela.", "Afrodite recompensou Páris com o amor de Helena, esposa de Menelau, desencadeando a ira dos gregos.", "O cerco de Troia durou dez anos, culminando com a estratégia do Cavalo de Troia, que permitiu aos gregos invadir e destruir a cidade.", "A lenda explora temas de amor, vingança e o impacto da guerra na humanidade."]', 2),
(9, 'A Fundação de Roma: Rômulo e Remo', 'A lenda dos irmãos Rômulo e Remo, fundadores de Roma.', 'romulo.jpg', '["Rômulo e Remo eram filhos do deus Marte e da mortal Reia Sílvia, mas foram abandonados em um cesto no rio Tibre para escapar de um usurpador. Uma loba os encontrou e cuidou deles, tornando-se um dos símbolos mais famosos de Roma.", "Criados por um pastor, os irmãos cresceram fortes e destemidos, decidindo fundar uma cidade no local onde foram salvos pela loba.", "Uma disputa surgiu sobre quem daria o nome à cidade. Após uma luta feroz, Rômulo matou Remo e deu seu nome à cidade: Roma.", "Essa história simboliza o espírito de conquista, a força e a determinação que definiram o império romano."]', 3),
(10, 'O Rapto das Sabinas', 'Um episódio lendário que retrata a expansão inicial de Roma.', 'sabinas.jpg', '["Após a fundação de Roma, Rômulo percebeu que a cidade carecia de mulheres para garantir sua continuidade. Ele planejou uma festa e convidou os Sabinos, um povo vizinho.", "Durante o evento, os romanos raptaram as mulheres sabinas, causando grande indignação entre os Sabinos.", "Anos depois, quando os Sabinos tentaram resgatar suas mulheres, elas intervieram, pedindo paz entre os dois povos, pois haviam se apegado aos romanos e já formado famílias.", "A lenda enfatiza a união de diferentes povos como base para a expansão e prosperidade de Roma."]', 3),
(11, 'Eneas e a Fundação de Lavínio', 'A odisseia de Eneias, o ancestral mítico de Roma.', 'eneas.jpg', '["Após a destruição de Troia, Eneias liderou um grupo de sobreviventes em busca de uma nova terra, enfrentando desafios e aventuras, narradas na Eneida de Virgílio.", "Guiado pelos deuses, Eneias chegou ao Lácio, onde se casou com Lavínia, filha do rei local, fundando a cidade de Lavínio.", "Sua jornada simboliza o destino manifesto de Roma, como um império que uniria o mundo sob a proteção dos deuses.", "A história de Eneias conecta a mitologia grega à identidade romana, destacando valores como coragem, dever e sacrifício."]', 3),
(12, 'A Profecia das Sibilas', 'As Sibilas eram profetisas respeitadas no mundo romano, famosas por seus oráculos.', 'sibilas.jpg', '["A Sibila de Cumas foi uma das mais célebres, consultada por reis e generais. Ela era conhecida por entregar profecias em folhas dispersas pelo vento.", "Certa vez, a Sibila ofereceu ao rei Tarquínio nove livros sagrados a um preço exorbitante. Após queimar seis livros e insistir no preço, o rei finalmente comprou os três restantes, que continham as profecias do destino de Roma.", "Esses livros, conhecidos como Livros Sibilinos, foram usados como referência em momentos críticos da história romana.", "A história destaca a importância da fé e da sabedoria divina na condução de Roma como uma potência global."]', 3),
(13, 'O Curupira', 'O protetor das florestas com os pés virados para trás.', 'curupira.jpg','["O Curupira é uma figura do folclore indígena brasileiro, conhecido por proteger a natureza de caçadores e madeireiros inescrupulosos.","Com cabelos de fogo e pés virados para trás, ele confunde seus perseguidores ao deixar rastros falsos.","Sua presença é um alerta para o respeito à floresta e à vida selvagem, punindo aqueles que a exploram de forma destrutiva.","A lenda do Curupira simboliza o papel protetor da natureza e a conexão dos povos indígenas com o meio ambiente."]', 4),
(14, 'A Iara, a Mãe da Água', 'Uma sereia que atrai pescadores para o fundo dos rios.', 'iara.jpg','["Iara, uma bela mulher com cabelos longos e olhos hipnotizantes, é uma figura fascinante e perigosa do folclore brasileiro.","Diz-se que ela canta melodias irresistíveis, atraindo pescadores e viajantes para o fundo dos rios.","Segundo a lenda, Iara era uma guerreira indígena traída por seus irmãos e transformada em uma criatura aquática como punição.","A história reflete os mistérios das águas brasileiras e o poder das lendas como advertências para respeitar a natureza."]', 4),
(15, 'A Lenda do Saci-Pererê', 'O travesso guardião das matas.', 'saci.jpg','["O Saci é um garoto negro de uma perna só, que usa um gorro vermelho e anda envolto em redemoinhos.","Conhecido por suas travessuras, ele troca os animais de lugar, apaga fogões e esconde objetos domésticos.","Apesar de ser brincalhão, o Saci também é um protetor da natureza, punindo aqueles que causam destruição.","A lenda do Saci representa o espírito lúdico e crítico da cultura brasileira, destacando o respeito pelo meio ambiente."]', 4),
(16, 'O Boto Cor-de-Rosa', 'O encantador dos rios amazônicos.', 'boto.jpg','["O Boto Cor-de-Rosa é um espírito aquático que se transforma em um belo rapaz nas noites de festa.","Ele seduz mulheres e, ao amanhecer, retorna ao rio, deixando mistério e lendas em sua trilha.","Essa história é frequentemente usada como explicação folclórica para gestações inesperadas ou relações proibidas.",  "A lenda do Boto reforça a rica cultura amazônica e o imaginário místico das águas brasileiras."]', 4),
(17, 'Amaterasu, a Deusa do Sol', 'Amaterasu é uma das principais divindades do xintoísmo, conhecida como a deusa do Sol.', 'amaterasu.png', '["Amaterasu nasceu do olho esquerdo de Izanagi durante um ritual de purificação, simbolizando a luz que guia e sustenta o mundo.", "Após uma discussão acalorada com seu irmão Susanoo, que causou caos e destruição, Amaterasu se escondeu em uma caverna celestial, mergulhando o mundo em trevas.", "Os deuses, preocupados com a ausência da luz, organizaram uma festa do lado de fora da caverna. Eles colocaram um espelho brilhante e incentivaram uma deusa a realizar uma dança extravagante, que chamou a atenção de Amaterasu.", "Curiosa, Amaterasu saiu para observar a dança, e sua imagem foi refletida no espelho. Nesse momento, os deuses fecharam a caverna, trazendo de volta a luz do Sol ao mundo. Essa história simboliza a importância da harmonia e da luz na vida humana."]', 5),
(18, 'Susanoo e a Serpente Yamata-no-Orochi', 'A história de Susanoo e sua vitória contra a serpente de oito cabeças, Yamata-no-Orochi.', 'susanoo.jpg', '["Susanoo, expulso do céu após um conflito com Amaterasu, encontrou uma família devastada pela serpente Yamata-no-Orochi, que exigia o sacrifício anual de uma jovem.", "Com pena da família, ele prometeu derrotar a serpente em troca da mão da filha mais jovem em casamento.", "Susanoo preparou oito barris de saquê e os colocou ao redor de uma aldeia. Quando a serpente bebeu o saquê e caiu em um sono profundo, Susanoo aproveitou para decapitá-la, uma cabeça de cada vez.", "Dentro do corpo da serpente, ele encontrou a lendária espada Kusanagi, que mais tarde se tornou um dos Três Tesouros Sagrados do Japão. Este conto representa a vitória da coragem sobre o caos."]', 5),
(19, 'Izanagi e Izanami, os Criadores do Japão', 'Os deuses Izanagi e Izanami criaram as ilhas do Japão e deram origem a várias divindades.', 'izanagi.jpg', '["Izanagi e Izanami foram incumbidos de criar o mundo. Usando uma lança celestial, eles mexeram nas águas primordiais, criando a primeira ilha, Onogoro.", "Eles se casaram e começaram a dar vida às ilhas do Japão e aos deuses. No entanto, durante o nascimento do deus do fogo, Kagutsuchi, Izanami foi gravemente ferida e faleceu, descendo ao submundo.", "Inconsolável, Izanagi tentou resgatá-la, mas foi repelido pelos horrores do submundo, quebrando sua conexão para sempre.", "Após escapar, Izanagi realizou um ritual de purificação, de onde surgiram Amaterasu, Tsukuyomi e Susanoo. Esse mito explica tanto a origem divina das ilhas quanto os ciclos de vida e morte."]', 5),
(20, 'Tsukuyomi, o Deus da Lua', 'Tsukuyomi é o deus da Lua e irmão de Amaterasu, associado à noite.', 'tsukuyomi.png', '["Tsukuyomi nasceu durante o ritual de purificação de Izanagi, simbolizando a calma e a serenidade da noite.", "Certo dia, ele foi enviado para representar os deuses em um banquete oferecido pela deusa Ukemochi, da fartura. Indignado com a forma como ela produziu os alimentos, Tsukuyomi a matou.", "Amaterasu, enojada com o ato de seu irmão, jurou nunca mais olhar para ele, criando a separação eterna entre o dia e a noite.", "Essa história simboliza o equilíbrio entre luz e escuridão e a necessidade de respeitar as dádivas da natureza."]', 5),
(21, 'A Caixa de Pandora', 'Pandora abriu uma caixa que trouxe todos os males ao mundo, mas também deixou a esperança.', 'pandora.jpg', '["Pandora foi criada por Hefesto sob as ordens de Zeus, com a ajuda de outros deuses, que lhe deram beleza, inteligência e curiosidade.", "Zeus a enviou como um presente aos mortais, carregando uma caixa misteriosa que ela foi instruída a nunca abrir.", "Movida pela curiosidade, Pandora abriu a caixa, liberando doenças, sofrimento e outros males que rapidamente se espalharam pelo mundo.", "No entanto, no fundo da caixa restava a esperança, simbolizando a capacidade humana de resistir e superar adversidades, mesmo em tempos difíceis."]', 6),
(22, 'O Labirinto de Dédalo e o Minotauro', 'Teseu enfrentou o Minotauro no labirinto criado por Dédalo.', 'labirinto.jpg', '["O Minotauro, uma criatura metade homem e metade touro, nasceu como um castigo divino para Minos, rei de Creta.", "Dédalo, o maior inventor da época, foi encarregado de construir um labirinto para aprisionar o monstro.", "Teseu, com a ajuda de Ariadne, usou um fio mágico para navegar pelo labirinto, localizando e derrotando o Minotauro.", "A vitória de Teseu representa a superação da barbárie pela civilização e a vitória da astúcia sobre a força bruta."]', 6),
(23, 'Prometeu e o Fogo dos Deuses', 'Prometeu roubou o fogo dos deuses para dá-lo à humanidade, desafiando Zeus.', 'prometeu.jpeg', '["Prometeu, um titã astuto, sentia compaixão pelos humanos, que viviam na escuridão e no frio.", "Ele escalou o Olimpo e roubou o fogo sagrado, entregando-o aos mortais, proporcionando progresso e inovação.", "Como punição, Zeus acorrentou Prometeu a uma montanha, onde uma águia devorava seu fígado diariamente, que se regenerava à noite.", "Este mito exalta o sacrifício pela humanidade e o poder transformador do conhecimento e da tecnologia."]', 6),
(24, 'A Guerra de Troia', 'Uma guerra lendária entre gregos e troianos, iniciada pelo rapto de Helena.', 'troia.png', '["A guerra começou com uma disputa entre as deusas Hera, Atena e Afrodite, que levou Páris a escolher Afrodite como a mais bela.", "Afrodite recompensou Páris com o amor de Helena, esposa de Menelau, desencadeando a ira dos gregos.", "O cerco de Troia durou dez anos, culminando com a estratégia do Cavalo de Troia, que permitiu aos gregos invadir e destruir a cidade.", "A lenda explora temas de amor, vingança e o impacto da guerra na humanidade."]', 6),
(25, 'A Fundação de Roma: Rômulo e Remo', 'A lenda dos irmãos Rômulo e Remo, fundadores de Roma.', 'romulo.jpg', '["Rômulo e Remo eram filhos do deus Marte e da mortal Reia Sílvia, mas foram abandonados em um cesto no rio Tibre para escapar de um usurpador. Uma loba os encontrou e cuidou deles, tornando-se um dos símbolos mais famosos de Roma.", "Criados por um pastor, os irmãos cresceram fortes e destemidos, decidindo fundar uma cidade no local onde foram salvos pela loba.", "Uma disputa surgiu sobre quem daria o nome à cidade. Após uma luta feroz, Rômulo matou Remo e deu seu nome à cidade: Roma.", "Essa história simboliza o espírito de conquista, a força e a determinação que definiram o império romano."]', 7),
(26, 'O Rapto das Sabinas', 'Um episódio lendário que retrata a expansão inicial de Roma.', 'sabinas.jpg', '["Após a fundação de Roma, Rômulo percebeu que a cidade carecia de mulheres para garantir sua continuidade. Ele planejou uma festa e convidou os Sabinos, um povo vizinho.", "Durante o evento, os romanos raptaram as mulheres sabinas, causando grande indignação entre os Sabinos.", "Anos depois, quando os Sabinos tentaram resgatar suas mulheres, elas intervieram, pedindo paz entre os dois povos, pois haviam se apegado aos romanos e já formado famílias.", "A lenda enfatiza a união de diferentes povos como base para a expansão e prosperidade de Roma."]', 7),
(27, 'Eneas e a Fundação de Lavínio', 'A odisseia de Eneias, o ancestral mítico de Roma.', 'eneas.jpg', '["Após a destruição de Troia, Eneias liderou um grupo de sobreviventes em busca de uma nova terra, enfrentando desafios e aventuras, narradas na Eneida de Virgílio.", "Guiado pelos deuses, Eneias chegou ao Lácio, onde se casou com Lavínia, filha do rei local, fundando a cidade de Lavínio.", "Sua jornada simboliza o destino manifesto de Roma, como um império que uniria o mundo sob a proteção dos deuses.", "A história de Eneias conecta a mitologia grega à identidade romana, destacando valores como coragem, dever e sacrifício."]', 7),
(28, 'A Profecia das Sibilas', 'As Sibilas eram profetisas respeitadas no mundo romano, famosas por seus oráculos.', 'sibilas.jpg', '["A Sibila de Cumas foi uma das mais célebres, consultada por reis e generais. Ela era conhecida por entregar profecias em folhas dispersas pelo vento.", "Certa vez, a Sibila ofereceu ao rei Tarquínio nove livros sagrados a um preço exorbitante. Após queimar seis livros e insistir no preço, o rei finalmente comprou os três restantes, que continham as profecias do destino de Roma.", "Esses livros, conhecidos como Livros Sibilinos, foram usados como referência em momentos críticos da história romana.", "A história destaca a importância da fé e da sabedoria divina na condução de Roma como uma potência global."]', 7),
(29, 'O Curupira', 'O protetor das florestas com os pés virados para trás.', 'curupira.jpg','["O Curupira é uma figura do folclore indígena brasileiro, conhecido por proteger a natureza de caçadores e madeireiros inescrupulosos.","Com cabelos de fogo e pés virados para trás, ele confunde seus perseguidores ao deixar rastros falsos.","Sua presença é um alerta para o respeito à floresta e à vida selvagem, punindo aqueles que a exploram de forma destrutiva.","A lenda do Curupira simboliza o papel protetor da natureza e a conexão dos povos indígenas com o meio ambiente."]', 8),
(30, 'A Iara, a Mãe da Água', 'Uma sereia que atrai pescadores para o fundo dos rios.', 'iara.jpg','["Iara, uma bela mulher com cabelos longos e olhos hipnotizantes, é uma figura fascinante e perigosa do folclore brasileiro.","Diz-se que ela canta melodias irresistíveis, atraindo pescadores e viajantes para o fundo dos rios.","Segundo a lenda, Iara era uma guerreira indígena traída por seus irmãos e transformada em uma criatura aquática como punição.","A história reflete os mistérios das águas brasileiras e o poder das lendas como advertências para respeitar a natureza."]', 8),
(31, 'A Lenda do Saci-Pererê', 'O travesso guardião das matas.', 'saci.jpg','["O Saci é um garoto negro de uma perna só, que usa um gorro vermelho e anda envolto em redemoinhos.","Conhecido por suas travessuras, ele troca os animais de lugar, apaga fogões e esconde objetos domésticos.","Apesar de ser brincalhão, o Saci também é um protetor da natureza, punindo aqueles que causam destruição.","A lenda do Saci representa o espírito lúdico e crítico da cultura brasileira, destacando o respeito pelo meio ambiente."]', 8),
(32, 'O Boto Cor-de-Rosa', 'O encantador dos rios amazônicos.', 'boto.jpg','["O Boto Cor-de-Rosa é um espírito aquático que se transforma em um belo rapaz nas noites de festa.","Ele seduz mulheres e, ao amanhecer, retorna ao rio, deixando mistério e lendas em sua trilha.","Essa história é frequentemente usada como explicação folclórica para gestações inesperadas ou relações proibidas.",  "A lenda do Boto reforça a rica cultura amazônica e o imaginário místico das águas brasileiras."]', 8);
UNLOCK TABLES